map,111,emnist,83.7,93.574,,map,111,75.204,96.39366667,,map,74.69306667,96.42913333,,map,emnist,83.9459,93.2193
map,111,fmnist,64.107,98.609,,map,222,75.585,96.17466667,,,0.889467253,0.12904236,,,,0.565486113,0.271315335
map,111,kmnist,77.805,96.998,,map,333,75.53833333,96.40933333,,,,,,,fmnist,63.0171,98.9186
map,222,emnist,85.238,92.733,,map,444,74.01433333,96.36166667,,,,,,,,2.60099359,0.211358674
map,222,fmnist,63.622,98.763,,map,555,74.962,96.44366667,,,,,,,kmnist,77.1162,97.1495
map,222,kmnist,77.895,97.028,,map,11,73.62133333,96.587,,,,,,,,0.712556399,0.148075244
map,333,emnist,83.779,93.179,,map,22,74.36466667,96.602,,,,,,,,,
map,333,fmnist,65.055,99.003,,map,33,73.70766667,96.34533333,,,,,,,,,
map,333,kmnist,77.781,97.046,,map,44,76.071,96.41566667,,,,,,,,,
map,444,emnist,83.556,93.034,,map,55,73.86233333,96.55833333,,,,,,,,,
map,444,fmnist,62.128,98.801,,,,,,,,,,,,,,
map,444,kmnist,76.359,97.25,,,,,,,,,,,,,,
map,555,emnist,83.962,93.17,,,,,,,,,,,,,,
map,555,fmnist,65.076,98.802,,,,,,,,,,,,,,
map,555,kmnist,75.848,97.359,,,,,,,,,,,,,,
map,11,emnist,83.732,93.329,,,,,,,,,,,,,,
map,11,fmnist,60.412,99.142,,,,,,,,,,,,,,
map,11,kmnist,76.72,97.29,,,,,,,,,,,,,,
map,22,emnist,83.811,93.513,,,,,,,,,,,,,,
map,22,fmnist,62.385,99.061,,,,,,,,,,,,,,
map,22,kmnist,76.898,97.232,,,,,,,,,,,,,,
map,33,emnist,84.651,92.906,,,,,,,,,,,,,,
map,33,fmnist,58.649,99.207,,,,,,,,,,,,,,
map,33,kmnist,77.823,96.923,,,,,,,,,,,,,,
map,44,emnist,83.382,93.465,,,,,,,,,,,,,,
map,44,fmnist,67.549,98.683,,,,,,,,,,,,,,
map,44,kmnist,77.282,97.099,,,,,,,,,,,,,,
map,55,emnist,83.648,93.29,,,,,,,,,,,,,,
map,55,fmnist,61.188,99.115,,,,,,,,,,,,,,
map,55,kmnist,76.751,97.27,,,,,,,,,,,,,,
la,111,emnist,74.74,93.485,,la,111,67.759,95.993,,la,67.66366667,96.0816,,la,emnist,75.4746,93.078
la,111,fmnist,59.24,97.941,,la,222,67.93,95.686,,,0.829616228,0.185142041,,,,0.495918721,0.284245199
la,111,kmnist,69.297,96.553,,la,333,68.07466667,96.052,,,,,,,fmnist,58.3029,98.4635
la,222,emnist,76.117,92.48,,la,444,67.27466667,96.00233333,,,,,,,,2.499228568,0.365745586
la,222,fmnist,58.535,98.133,,la,555,68.02833333,96.065,,,,,,,kmnist,69.2135,96.7033
la,222,kmnist,69.138,96.445,,la,11,67.016,96.342,,,,,,,,0.615190169,0.192966923
la,333,emnist,74.786,93.004,,la,22,67.24,96.279,,,,,,,,,
la,333,fmnist,59.656,98.603,,la,33,66.62666667,96.16733333,,,,,,,,,
la,333,kmnist,69.782,96.549,,la,44,69.581,96.01366667,,,,,,,,,
la,444,emnist,75.187,92.856,,la,55,67.10633333,96.21566667,,,,,,,,,
la,444,fmnist,58.091,98.287,,,,,,,,,,,,,,
la,444,kmnist,68.546,96.864,,,,,,,,,,,,,,
la,555,emnist,75.449,93.052,,,,,,,,,,,,,,
la,555,fmnist,60.562,98.202,,,,,,,,,,,,,,
la,555,kmnist,68.074,96.941,,,,,,,,,,,,,,
la,11,emnist,75.689,93.209,,,,,,,,,,,,,,
la,11,fmnist,56.108,98.852,,,,,,,,,,,,,,
la,11,kmnist,69.251,96.965,,,,,,,,,,,,,,
la,22,emnist,75.229,93.352,,,,,,,,,,,,,,
la,22,fmnist,57.524,98.692,,,,,,,,,,,,,,
la,22,kmnist,68.967,96.793,,,,,,,,,,,,,,
la,33,emnist,76.172,93.036,,,,,,,,,,,,,,
la,33,fmnist,53.865,98.969,,,,,,,,,,,,,,
la,33,kmnist,69.843,96.497,,,,,,,,,,,,,,
la,44,emnist,75.787,93.3,,,,,,,,,,,,,,
la,44,fmnist,62.818,98.129,,,,,,,,,,,,,,
la,44,kmnist,70.138,96.612,,,,,,,,,,,,,,
la,55,emnist,75.59,93.006,,,,,,,,,,,,,,
la,55,fmnist,56.63,98.827,,,,,,,,,,,,,,
la,55,kmnist,69.099,96.814,,,,,,,,,,,,,,
la_star,111,emnist,61.523,93.914,,la_star,111,56.10433333,96.06133333,,la_star,56.37326667,96.0921,,la_star,emnist,62.5482,93.4616
la_star,111,fmnist,50.17,97.682,,la_star,222,56.36466667,95.75266667,,,0.845828032,0.207868075,,,,0.692827027,0.26488035
la_star,111,kmnist,56.62,96.588,,la_star,333,56.319,96.026,,,,,,,fmnist,49.7293,98.1498
la_star,222,emnist,62.975,92.98,,la_star,444,56.26966667,96.004,,,,,,,,2.219805399,0.450763747
la_star,222,fmnist,49.693,97.855,,la_star,555,56.35166667,95.988,,,,,,,kmnist,56.8423,96.6649
la_star,222,kmnist,56.426,96.423,,la_star,11,56.396,96.415,,,,,,,,0.775457865,0.22951807
la_star,333,emnist,61.511,93.362,,la_star,22,56.35966667,96.31466667,,,,,,,,,
la_star,333,fmnist,50.373,98.252,,la_star,33,54.98533333,96.19133333,,,,,,,,,
la_star,333,kmnist,57.073,96.464,,la_star,44,58.46166667,95.87666667,,,,,,,,,
la_star,444,emnist,62.417,93.201,,la_star,55,56.12066667,96.29133333,,,,,,,,,
la_star,444,fmnist,50.064,97.929,,,,,,,,,,,,,,
la_star,444,kmnist,56.328,96.882,,,,,,,,,,,,,,
la_star,555,emnist,61.973,93.389,,,,,,,,,,,,,,
la_star,555,fmnist,51.8,97.661,,,,,,,,,,,,,,
la_star,555,kmnist,55.282,96.914,,,,,,,,,,,,,,
la_star,11,emnist,63.477,93.617,,,,,,,,,,,,,,
la_star,11,fmnist,48.37,98.633,,,,,,,,,,,,,,
la_star,11,kmnist,57.341,96.995,,,,,,,,,,,,,,
la_star,22,emnist,62.651,93.735,,,,,,,,,,,,,,
la_star,22,fmnist,49.134,98.486,,,,,,,,,,,,,,
la_star,22,kmnist,57.294,96.723,,,,,,,,,,,,,,
la_star,33,emnist,62.685,93.444,,,,,,,,,,,,,,
la_star,33,fmnist,45.353,98.744,,,,,,,,,,,,,,
la_star,33,kmnist,56.918,96.386,,,,,,,,,,,,,,
la_star,44,emnist,63.338,93.562,,,,,,,,,,,,,,
la_star,44,fmnist,53.799,97.616,,,,,,,,,,,,,,
la_star,44,kmnist,58.248,96.452,,,,,,,,,,,,,,
la_star,55,emnist,62.932,93.412,,,,,,,,,,,,,,
la_star,55,fmnist,48.537,98.64,,,,,,,,,,,,,,
la_star,55,kmnist,56.893,96.822,,,,,,,,,,,,,,
de,111,emnist,76.753,94.588,,de,111,66.297,97.362,,de,65.74586667,97.48256667,,de,emnist,76.46,94.7033
de,111,fmnist,56.046,99.129,,de,222,66.53,97.49733333,,,0.584382637,0.068454915,,,,0.441281719,0.114428095
de,111,kmnist,66.092,98.369,,de,333,65.31433333,97.53166667,,,,,,,fmnist,55.2193,99.2923
de,222,emnist,76.98,94.712,,de,444,65.333,97.469,,,,,,,,1.142546187,0.085204395
de,222,fmnist,56.77,99.291,,de,555,65.07133333,97.574,,,,,,,kmnist,65.5583,98.4521
de,222,kmnist,65.84,98.489,,de,11,66.50233333,97.427,,,,,,,,0.407747484,0.046876789
de,333,emnist,75.892,94.751,,de,22,66.19233333,97.39733333,,,,,,,,,
de,333,fmnist,54.972,99.331,,de,33,65.32366667,97.552,,,,,,,,,
de,333,kmnist,65.079,98.513,,de,44,65.77533333,97.50366667,,,,,,,,,
de,444,emnist,76.018,94.699,,de,55,65.11933333,97.51166667,,,,,,,,,
de,444,fmnist,54.605,99.291,,,,,,,,,,,,,,
de,444,kmnist,65.376,98.417,,,,,,,,,,,,,,
de,555,emnist,76.377,94.814,,,,,,,,,,,,,,
de,555,fmnist,53.018,99.431,,,,,,,,,,,,,,
de,555,kmnist,65.819,98.477,,,,,,,,,,,,,,
de,11,emnist,77.058,94.664,,,,,,,,,,,,,,
de,11,fmnist,56.529,99.194,,,,,,,,,,,,,,
de,11,kmnist,65.92,98.423,,,,,,,,,,,,,,
de,22,emnist,76.927,94.497,,,,,,,,,,,,,,
de,22,fmnist,55.814,99.262,,,,,,,,,,,,,,
de,22,kmnist,65.836,98.433,,,,,,,,,,,,,,
de,33,emnist,75.995,94.903,,,,,,,,,,,,,,
de,33,fmnist,55.02,99.326,,,,,,,,,,,,,,
de,33,kmnist,64.956,98.427,,,,,,,,,,,,,,
de,44,emnist,76.419,94.757,,,,,,,,,,,,,,
de,44,fmnist,55.321,99.297,,,,,,,,,,,,,,
de,44,kmnist,65.586,98.457,,,,,,,,,,,,,,
de,55,emnist,76.181,94.648,,,,,,,,,,,,,,
de,55,fmnist,54.098,99.371,,,,,,,,,,,,,,
de,55,kmnist,65.079,98.516,,,,,,,,,,,,,,
swg,111,emnist,84.424,93.545,,swg,111,75.95333333,96.338,,swg,75.72966667,96.3852,,swg,emnist,84.7197,93.1699
swg,111,fmnist,64.483,98.583,,swg,222,76.34366667,96.28,,,0.697883874,0.070856351,,,,0.49307945,0.223504636
swg,111,kmnist,78.953,96.886,,swg,333,76.24633333,96.393,,,,,,,fmnist,63.9779,98.9029
swg,222,emnist,85.597,92.95,,swg,444,75.345,96.28133333,,,,,,,,2.413340536,0.18548522
swg,222,fmnist,64.452,98.805,,swg,555,76.01366667,96.35933333,,,,,,,kmnist,78.4914,97.0828
swg,222,kmnist,78.982,97.085,,swg,11,75.054,96.48566667,,,,,,,,0.470792051,0.111204316
swg,333,emnist,84.299,93.181,,swg,22,75.74166667,96.46866667,,,,,,,,,
swg,333,fmnist,65.613,98.977,,swg,33,74.38033333,96.41066667,,,,,,,,,
swg,333,kmnist,78.827,97.021,,swg,44,76.77833333,96.401,,,,,,,,,
swg,444,emnist,84.562,92.867,,swg,55,75.44033333,96.43433333,,,,,,,,,
swg,444,fmnist,63.342,98.804,,,,,,,,,,,,,,
swg,444,kmnist,78.131,97.173,,,,,,,,,,,,,,
swg,555,emnist,84.849,93.013,,,,,,,,,,,,,,
swg,555,fmnist,65.754,98.833,,,,,,,,,,,,,,
swg,555,kmnist,77.438,97.232,,,,,,,,,,,,,,
swg,11,emnist,84.886,93.172,,,,,,,,,,,,,,
swg,11,fmnist,61.931,99.073,,,,,,,,,,,,,,
swg,11,kmnist,78.345,97.212,,,,,,,,,,,,,,
swg,22,emnist,84.252,93.463,,,,,,,,,,,,,,
swg,22,fmnist,64.679,98.949,,,,,,,,,,,,,,
swg,22,kmnist,78.294,96.994,,,,,,,,,,,,,,
swg,33,emnist,85.404,93.038,,,,,,,,,,,,,,
swg,33,fmnist,58.91,99.212,,,,,,,,,,,,,,
swg,33,kmnist,78.827,96.982,,,,,,,,,,,,,,
swg,44,emnist,84.098,93.362,,,,,,,,,,,,,,
swg,44,fmnist,67.737,98.737,,,,,,,,,,,,,,
swg,44,kmnist,78.5,97.104,,,,,,,,,,,,,,
swg,55,emnist,84.826,93.108,,,,,,,,,,,,,,
swg,55,fmnist,62.878,99.056,,,,,,,,,,,,,,
swg,55,kmnist,78.617,97.139,,,,,,,,,,,,,,
vb,111,emnist,80.736,92.86,,vb,111,72.556,96.30933333,,vb,73.39673333,96.33443333,,vb,emnist,80.6517,93.2761
vb,111,fmnist,63.465,98.826,,vb,222,74.06466667,96.18066667,,,0.891899622,0.237847812,,,,0.652947343,0.393959234
vb,111,kmnist,73.467,97.242,,vb,333,72.49033333,96.57166667,,,,,,,fmnist,66.0108,98.4224
vb,222,emnist,81.456,92.985,,vb,444,72.308,96.711,,,,,,,,2.492756609,0.381353787
vb,222,fmnist,68.144,97.984,,vb,555,73.03133333,96.686,,,,,,,kmnist,73.5277,97.3048
vb,222,kmnist,72.594,97.573,,vb,11,75.15766667,96.14033333,,,,,,,,0.681874549,0.266840693
vb,333,emnist,80.124,93.591,,vb,22,73.709,96.067,,,,,,,,,
vb,333,fmnist,63.383,98.707,,vb,33,73.60433333,96.11766667,,,,,,,,,
vb,333,kmnist,73.964,97.417,,vb,44,74.06733333,96.25633333,,,,,,,,,
vb,444,emnist,80.227,93.835,,vb,55,72.97866667,96.30433333,,,,,,,,,
vb,444,fmnist,63.579,98.81,,,,,,,,,,,,,,
vb,444,kmnist,73.118,97.488,,,,,,,,,,,,,,
vb,555,emnist,79.505,93.769,,,,,,,,,,,,,,
vb,555,fmnist,67.102,98.61,,,,,,,,,,,,,,
vb,555,kmnist,72.487,97.679,,,,,,,,,,,,,,
vb,11,emnist,80.997,93.188,,,,,,,,,,,,,,
vb,11,fmnist,70.511,97.716,,,,,,,,,,,,,,
vb,11,kmnist,73.965,97.517,,,,,,,,,,,,,,
vb,22,emnist,80.077,93.083,,,,,,,,,,,,,,
vb,22,fmnist,67.765,98.054,,,,,,,,,,,,,,
vb,22,kmnist,73.285,97.064,,,,,,,,,,,,,,
vb,33,emnist,81.109,92.639,,,,,,,,,,,,,,
vb,33,fmnist,65.606,98.547,,,,,,,,,,,,,,
vb,33,kmnist,74.098,97.167,,,,,,,,,,,,,,
vb,44,emnist,81.509,93.401,,,,,,,,,,,,,,
vb,44,fmnist,67.053,98.364,,,,,,,,,,,,,,
vb,44,kmnist,73.64,97.004,,,,,,,,,,,,,,
vb,55,emnist,80.777,93.41,,,,,,,,,,,,,,
vb,55,fmnist,63.5,98.606,,,,,,,,,,,,,,
vb,55,kmnist,74.659,96.897,,,,,,,,,,,,,,
